user_prompt,category
What are the best strategies for trading cryptocurrencies in the current market?,crypto
Can you analyze the recent movements in the cryptocurrency market?,crypto
What is the latest on the use of blockchain in voting systems?,crypto
How are new blockchain projects impacting the market?,crypto
What are the top news sources for crypto updates?,crypto
What is the role of stablecoins in the current market?,crypto
What is the latest on the use of crypto in gaming?,crypto
How does inflation impact cryptocurrency trading?,crypto
How are changes in international relations affecting the crypto market?,crypto
What is the latest news on Binance?,crypto
How is the adoption of blockchain technology affecting the market?,crypto
How is the crypto market responding to the latest technological innovations?,crypto
Can you analyze the recent movements in the cryptocurrency market?,crypto
What are the top crypto influencers and their recent activities?,crypto
What are the best practices for cryptocurrency trading?,crypto
What is the future outlook for Cardano?,crypto
How is the adoption of blockchain technology affecting the market?,crypto
How is the cryptocurrency market reacting to the latest financial crisis?,crypto
What is the impact of the latest regulatory changes on the crypto market?,crypto
What are the top crypto news websites?,crypto
What are the latest developments in cryptocurrency taxation?,crypto
What is the impact of market manipulation on cryptocurrency prices?,crypto
What are the top crypto podcasts?,crypto
What is the latest news on the use of crypto in remittances?,crypto
What is the impact of the latest technological advancements on the crypto market?,crypto
How is the market reacting to the latest crypto fundraising rounds?,crypto
How is the market reacting to the latest corporate investments in crypto?,crypto
What is the impact of the latest changes in crypto market liquidity?,crypto
What are the best strategies for trading cryptocurrencies in the current market?,crypto
What is the latest on the use of blockchain in real estate?,crypto
How is the market reacting to the latest DeFi hacks?,crypto
How is the market reacting to the latest Ethereum upgrade?,crypto
How are changes in technology impacting the cryptocurrency market?,crypto
What are the key trends in the cryptocurrency market right now?,crypto
What are the top crypto education resources?,crypto
What are the key differences between Bitcoin and Ethereum?,crypto
How is the market reacting to the latest crypto ban in a major country?,crypto
What is the impact of the latest advancements in quantum computing on crypto?,crypto
What is the latest on the adoption of crypto by major corporations?,crypto
What are the top crypto security measures?,crypto
What factors are influencing the cryptocurrency market right now?,crypto
What are the top crypto market analysts saying?,crypto
What are the latest updates on the cryptocurrency market?,crypto
Can you analyze the recent movements in the cryptocurrency market?,crypto
How are changes in international relations affecting the crypto market?,crypto
What are the best practices for cryptocurrency trading?,crypto
How is the market reacting to the latest crypto market manipulation reports?,crypto
What are the latest updates on the cryptocurrency market?,crypto
How are changes in technology impacting the cryptocurrency market?,crypto
What is the latest on the use of blockchain in identity verification?,crypto
How are changes in international relations affecting the crypto market?,crypto
What are the top crypto hardware wallets and their recent updates?,crypto
What is the latest on the Ripple vs SEC case?,crypto
What are the top decentralized exchanges and their recent updates?,crypto
What are the key trends in the cryptocurrency market right now?,crypto
What are the top use cases for cryptocurrencies?,crypto
How is the market reacting to the latest legal developments in the crypto space?,crypto
What are the implications of the latest tax regulations on crypto traders?,crypto
How has Litecoin been trending this week?,crypto
How is the market reacting to the latest crypto advertising ban?,crypto
What are the top crypto education resources?,crypto
What is the latest news on crypto adoption in Africa?,crypto
How is the market reacting to the latest crypto fundraising rounds?,crypto
What are the predictions for the Bitcoin price?,crypto
What is the impact of the latest technological disruptions on the crypto market?,crypto
What are the top news headlines in the crypto world today?,crypto
What is the latest news on crypto staking?,crypto
How is the adoption of blockchain technology affecting the market?,crypto
How is the market reacting to the latest crypto advertising ban?,crypto
How is the new crypto law affecting the market?,crypto
What are the top crypto podcasts?,crypto
What are the key support and resistance levels for Bitcoin?,crypto
What are the implications of the latest tax regulations on crypto traders?,crypto
What is the current price of Bitcoin?,crypto
What is the forecast for Ethereum's price?,crypto
What are the top performing altcoins this month?,crypto
What is the impact of the latest technological advancements on the crypto market?,crypto
How is the market reacting to the latest Ethereum upgrade?,crypto
What is the latest on the adoption of crypto by major corporations?,crypto
What are the latest trends in crypto trading bots?,crypto
What are the best practices for cryptocurrency trading?,crypto
How is the cryptocurrency market performing compared to traditional markets?,crypto
How is the market reacting to the latest crypto fundraising rounds?,crypto
How is the market reacting to the latest crypto charity initiatives?,crypto
What are the key trends in the cryptocurrency market right now?,crypto
What is the role of stablecoins in the current market?,crypto
What is the latest on the use of blockchain in supply chain transparency?,crypto
What is the forecast for the next bull run in the cryptocurrency market?,crypto
How is the market reacting to the latest environmental concerns about crypto mining?,crypto
What is the latest on the use of blockchain in real estate?,crypto
How is the market reacting to the latest crypto fraud cases?,crypto
How is the market reacting to the latest environmental concerns about crypto mining?,crypto
How is the market reacting to the latest stablecoin launch?,crypto
What are the top privacy coins and their recent developments?,crypto
How is the cryptocurrency market reacting to the latest economic data?,crypto
How are changes in market sentiment affecting cryptocurrency prices?,crypto
What are the predictions for the Bitcoin price?,crypto
How is the market reacting to the latest crypto advertising ban?,crypto
What are the latest trends in crypto trading bots?,crypto
What is the forecast for the next bull run in the cryptocurrency market?,crypto
What is the current sentiment in the crypto market?,crypto
What are the best strategies for trading cryptocurrencies in the current market?,crypto
How are changes in international relations affecting the crypto market?,crypto
How does inflation impact cryptocurrency trading?,crypto
What are the top traded cryptocurrencies currently?,crypto
What are the top crypto projects and their recent developments?,crypto
How is the market reacting to the latest crypto tax policies?,crypto
What are the top crypto community forums?,crypto
What are the top crypto community forums?,crypto
What is the role of stablecoins in the current market?,crypto
What are the key trends in the cryptocurrency market right now?,crypto
What are the key factors driving the current crypto market trends?,crypto
How is the cryptocurrency market reacting to the latest financial crisis?,crypto
Can you provide a forecast for Ripple's XRP?,crypto
What are the top upcoming ICOs?,crypto
What are the top crypto education resources?,crypto
How is the market reacting to the latest crypto fraud cases?,crypto
What is the impact of the latest security protocols on crypto exchanges?,crypto
How is the cryptocurrency market reacting to the latest Federal Reserve announcement?,crypto
What are the top crypto indices and their recent performances?,crypto
What is the impact of the latest advancements in quantum computing on crypto?,crypto
What are the key support and resistance levels for Bitcoin?,crypto
How are changes in market sentiment affecting cryptocurrency prices?,crypto
What are the predictions for the Bitcoin price?,crypto
How is the market reacting to the latest crypto ban in a major country?,crypto
What is the latest news on crypto adoption in Asia?,crypto
What is the current price of Bitcoin?,crypto
How is the adoption of cryptocurrencies in retail impacting the market?,crypto
How is the market reacting to the latest crypto trading volumes?,crypto
How is Ethereum performing today?,crypto
How is the market reacting to the latest crypto advertising ban?,crypto
How is the adoption of cryptocurrencies in retail impacting the market?,crypto
What is the impact of the latest interest rate changes on the crypto market?,crypto
How is the market reacting to the latest crypto ETF approvals?,crypto
How is the market reacting to the latest Bitcoin ETF rejection?,crypto
What are the key support and resistance levels for Bitcoin?,crypto
What is the latest on the Ripple vs SEC case?,crypto
How is the cryptocurrency market reacting to the latest financial crisis?,crypto
What are the top crypto payment processors and their recent developments?,crypto
What are the top crypto security measures?,crypto
What are the top crypto news websites?,crypto
How is the cryptocurrency market reacting to the latest Federal Reserve announcement?,crypto
How is the market reacting to the latest crypto market manipulation reports?,crypto
What are the top news headlines in the crypto world today?,crypto
What economic indicators should I watch for in cryptocurrency trading?,crypto
What is the latest on the adoption of crypto by major corporations?,crypto
What factors are influencing the cryptocurrency market right now?,crypto
What are the implications of the latest cyber attacks on crypto exchanges?,crypto
Can you analyze the recent movements in the cryptocurrency market?,crypto
How is the cryptocurrency market performing compared to traditional markets?,crypto
How is the market reacting to the latest DeFi hacks?,crypto
What factors are influencing the cryptocurrency market right now?,crypto
How is the market reacting to the latest legal developments in the crypto space?,crypto
How is the market reacting to the latest Bitcoin ETF rejection?,crypto
What are the key challenges facing the crypto market?,crypto
What are the top crypto trading tools?,crypto
What is the latest update on the Bitcoin ETF approval?,crypto
How is the market reacting to the latest crypto mergers and acquisitions?,crypto
What is the role of stablecoins in the current market?,crypto
How is the market reacting to the latest celebrity endorsement of a cryptocurrency?,crypto
What is the impact of the latest interest rate changes on the crypto market?,crypto
What are the implications of the latest tax regulations on crypto traders?,crypto
What is the impact of the latest regulatory crackdowns on the crypto market?,crypto
What are the top crypto news websites?,crypto
What is the forecast for Ethereum's price?,crypto
What are the top crypto hardware wallets and their recent updates?,crypto
What is the latest on Bitcoin futures trading?,crypto
What are the top decentralized exchanges and their recent updates?,crypto
What is the latest news on crypto adoption in Asia?,crypto
What are the top upcoming ICOs?,crypto
What is the latest on the regulation of crypto derivatives?,crypto
What is the latest update on the Bitcoin ETF approval?,crypto
How are new blockchain projects impacting the market?,crypto
What is the latest news on Ethereum 2.0?,crypto
What are the top crypto education resources?,crypto
What is the latest news on crypto lending platforms?,crypto
What is the latest on the use of blockchain in voting systems?,crypto
What is the impact of the latest advancements in blockchain scalability?,crypto
How is the market reacting to the latest crypto mergers and acquisitions?,crypto
What are the top privacy coins and their recent developments?,crypto
How is the cryptocurrency market reacting to the latest economic data?,crypto
How are DeFi projects impacting the cryptocurrency market?,crypto
How is the market reacting to the latest crypto partnership announcements?,crypto
How is the market reacting to the latest celebrity endorsement of a cryptocurrency?,crypto
How is the market reacting to the latest crypto conference announcements?,crypto
What is the latest on the use of crypto in gaming?,crypto
What's the impact of recent geopolitical events on the cryptocurrency market?,crypto
What are the top crypto portfolio management tools?,crypto
What are the top crypto community forums?,crypto
What are the implications of the latest cyber attacks on crypto exchanges?,crypto
How is the market reacting to the latest crypto partnership announcements?,crypto
How is the market reacting to the latest crypto conference announcements?,crypto
What are the top performing altcoins this month?,crypto
What are the key challenges facing the crypto market?,crypto
How is the adoption of cryptocurrencies in retail impacting the market?,crypto
What are the top crypto wallets and their recent updates?,crypto
How is the market reacting to the latest legal developments in the crypto space?,crypto
What is the latest on the use of blockchain in voting systems?,crypto
What are the top crypto security measures?,crypto
How is the market reacting to the latest crypto venture capital investments?,crypto
What is the impact of the latest advancements in quantum computing on crypto?,crypto
How are institutional investors influencing the crypto market?,crypto
What are the latest developments in cryptocurrency taxation?,crypto
How is the market reacting to the latest crypto venture capital investments?,crypto
How are DeFi projects impacting the cryptocurrency market?,crypto
How is the cryptocurrency market reacting to the latest Federal Reserve announcement?,crypto
What is the latest news on crypto staking?,crypto
How is the market reacting to the latest crypto infrastructure developments?,crypto
What is the latest on the regulation of crypto derivatives?,crypto
How is the crypto market responding to the latest technological innovations?,crypto
What is the impact of the latest regulatory changes on the crypto market?,crypto
What are the top crypto hardware wallets and their recent updates?,crypto
What is the latest on the regulation of crypto derivatives?,crypto
What are the top crypto indices and their recent performances?,crypto
What is the latest news on Tether?,crypto
What is the latest news on crypto adoption in Africa?,crypto
How is the market reacting to the latest crypto venture capital investments?,crypto
What are the implications of China's new regulations on cryptocurrencies?,crypto
What are the top crypto community forums?,crypto
What is the latest news on crypto adoption in Asia?,crypto
What are the risks and rewards of investing in cryptocurrencies?,crypto
What is the latest on the integration of crypto in the financial system?,crypto
What are the top upcoming ICOs?,crypto
What are the top crypto influencers and their recent activities?,crypto
How are changes in government policies affecting the crypto market?,crypto
How is Ethereum performing today?,crypto
What are the key challenges facing the crypto market?,crypto
How is Ethereum performing today?,crypto
How is the market reacting to the latest crypto market research reports?,crypto
How is the market reacting to the latest crypto venture capital investments?,crypto
What is the impact of the latest regulatory crackdowns on the crypto market?,crypto
What is the latest news on crypto lending platforms?,crypto
What are the top crypto hardware wallets and their recent updates?,crypto
How are DeFi projects impacting the cryptocurrency market?,crypto
What is the latest on the Ripple vs SEC case?,crypto
What are the implications of the latest tax regulations on crypto traders?,crypto
What is the impact of the latest interest rate changes on the crypto market?,crypto
How is the market reacting to the latest announcement from the SEC?,crypto
What is the latest news on crypto regulations in Europe?,crypto
What are the latest trends in crypto trading bots?,crypto
What is the role of stablecoins in the current market?,crypto
What are the top performing altcoins this month?,crypto
What are the top news sources for crypto updates?,crypto
What are the latest developments in cryptocurrency taxation?,crypto
What are the top crypto projects and their recent developments?,crypto
What is the latest news on the use of crypto in remittances?,crypto
How is the cryptocurrency market performing compared to traditional markets?,crypto
What are the top crypto indices and their recent performances?,crypto
What is the latest on the Ripple vs SEC case?,crypto
What are the top crypto indices and their recent performances?,crypto
How is the new crypto law affecting the market?,crypto
How is the market reacting to the latest legal developments in the crypto space?,crypto
What are the top crypto research reports and their findings?,crypto
What is the latest on the Ripple vs SEC case?,crypto
What is the impact of the latest technological disruptions on the crypto market?,crypto
What is the impact of the latest Bitcoin halving event?,crypto
What is the latest news on crypto regulations in Europe?,crypto
What is the latest news on crypto mining equipment?,crypto
What is the current price of Bitcoin?,crypto
How is the market reacting to the latest crypto ban in a major country?,crypto
How are new blockchain projects impacting the market?,crypto
How are institutional investors influencing the crypto market?,crypto
What are the top crypto portfolio management tools?,crypto
What are the latest trends in crypto trading bots?,crypto
What is the latest on Bitcoin mining regulations?,crypto
What are the top upcoming ICOs?,crypto
What are the top crypto influencers on social media?,crypto
What is the current sentiment in the crypto market?,crypto
What is the latest on the regulation of crypto derivatives?,crypto
How is the cryptocurrency market performing compared to traditional markets?,crypto
How are changes in international relations affecting the crypto market?,crypto
What is the impact of the latest technological advancements on the crypto market?,crypto
How is the market reacting to the latest crypto trading volumes?,crypto
What is the latest on the integration of crypto in the financial system?,crypto
How are institutional investors influencing the crypto market?,crypto
What is the latest on the use of blockchain in identity verification?,crypto
How is the adoption of blockchain technology affecting the market?,crypto
What are the top crypto trading strategies?,crypto
What are the latest developments in cryptocurrency taxation?,crypto
How is the market reacting to the latest crypto partnership announcements?,crypto
What is the latest news on Dogecoin?,crypto
How is the market reacting to the latest crypto exchange launches?,crypto
How is the market reacting to the latest crypto advertising ban?,crypto
What are the latest security concerns in the crypto market?,crypto
How is the market reacting to the latest crypto regulatory hearings?,crypto
How is the market reacting to the latest crypto phishing attacks?,crypto
How are changes in economic policies affecting the crypto market?,crypto
What are the best resources for staying updated on crypto news?,crypto
How is the market reacting to the latest environmental concerns about crypto mining?,crypto
What economic indicators should I watch for in cryptocurrency trading?,crypto
How is the market reacting to the latest stablecoin launch?,crypto
How is the crypto market responding to the latest technological innovations?,crypto
How are changes in market sentiment affecting cryptocurrency prices?,crypto
What is the latest on the use of blockchain in voting systems?,crypto
What is the impact of the latest regulatory changes on the crypto market?,crypto
What is the impact of the latest regulatory crackdowns on the crypto market?,crypto
What economic indicators should I watch for in cryptocurrency trading?,crypto
What are the top crypto trading tools?,crypto
What are the top crypto trading strategies?,crypto
What is the latest news on crypto adoption in Asia?,crypto
How is the market reacting to the latest Bitcoin ETF rejection?,crypto
How is the cryptocurrency market reacting to the latest Federal Reserve announcement?,crypto
What are the key trends in the cryptocurrency market right now?,crypto
What is the latest on the use of crypto in cross-border payments?,crypto
How is the market reacting to the latest crypto infrastructure developments?,crypto
Can you provide a forecast for Ripple's XRP?,crypto
What are the best practices for cryptocurrency trading?,crypto
How is the market reacting to the latest crypto charity initiatives?,crypto
How are changes in government policies affecting the crypto market?,crypto
Can you give an overview of the cryptocurrency market for today?,crypto
Can you provide a forecast for Ripple's XRP?,crypto
What are the latest news affecting Bitcoin?,crypto
How is the market reacting to the latest DeFi hacks?,crypto
What are the predictions for the Bitcoin price?,crypto
What are the top use cases for cryptocurrencies?,crypto
What are the latest updates on the cryptocurrency market?,crypto
What is the latest news on Tether?,crypto
What are the top crypto indices and their recent performances?,crypto
What's the impact of recent geopolitical events on the cryptocurrency market?,crypto
How is the market reacting to the latest crypto partnership announcements?,crypto
How is the market reacting to the latest corporate investments in crypto?,crypto
Can you give an overview of the cryptocurrency market for today?,crypto
What is the latest news on Tether?,crypto
What are the latest updates on the cryptocurrency market?,crypto
What is the impact of the latest Bitcoin halving event?,crypto
How is the market reacting to the latest crypto venture capital investments?,crypto
How is the market reacting to the latest crypto charity initiatives?,crypto
How is the market reacting to the latest Ethereum upgrade?,crypto
What are the implications of China's new regulations on cryptocurrencies?,crypto
What are the top news headlines in the crypto world today?,crypto
What is the future outlook for Cardano?,crypto
What are the implications of the latest cyber attacks on crypto exchanges?,crypto
How is the market reacting to the latest crypto venture capital investments?,crypto
How is the market reacting to the latest crypto ETF approvals?,crypto
What is the future outlook for Cardano?,crypto
Can you give an overview of the cryptocurrency market for today?,crypto
How is the market reacting to the latest crypto regulatory hearings?,crypto
What is the latest news on Tether?,crypto
What is the latest on the integration of crypto in the financial system?,crypto
What are the latest security concerns in the crypto market?,crypto
What are the best strategies for trading cryptocurrencies in the current market?,crypto
What is the latest development in the NFT space?,crypto
What is the latest update on the Bitcoin ETF approval?,crypto
What are the top crypto trading platforms and their recent updates?,crypto
What are the top crypto trading strategies?,crypto
What is the latest news on Binance?,crypto
What is the impact of energy consumption concerns on Bitcoin?,crypto
What is the impact of the latest advancements in blockchain scalability?,crypto
What is the impact of market manipulation on cryptocurrency prices?,crypto
What are the key differences between Bitcoin and Ethereum?,crypto
Can you analyze the recent movements in the cryptocurrency market?,crypto
How are changes in economic policies affecting the crypto market?,crypto
What is the latest on the use of blockchain in real estate?,crypto
How is the new crypto law affecting the market?,crypto
What is the latest on the use of blockchain in identity verification?,crypto
What is the latest on the use of blockchain in supply chain management?,crypto
How does inflation impact cryptocurrency trading?,crypto
What is the role of stablecoins in the current market?,crypto
What are the best resources for staying updated on crypto news?,crypto
How is the market reacting to the latest environmental concerns about crypto mining?,crypto
How is the new crypto law affecting the market?,crypto
What is the forecast for Ethereum's price?,crypto
What are the top crypto investment funds and their recent performances?,crypto
How is the market reacting to the latest crypto tax policies?,crypto
What is the latest on the use of blockchain in supply chain management?,crypto
What is the latest on the regulation of DeFi platforms?,crypto
How is Ethereum performing today?,crypto
What are the latest security concerns in the crypto market?,crypto
Can you give an overview of the cryptocurrency market for today?,crypto
What is the latest on Bitcoin futures trading?,crypto
What are the top crypto payment processors and their recent developments?,crypto
What is the latest on Bitcoin futures trading?,crypto
What are the key factors driving the current crypto market trends?,crypto
What is the latest news on crypto regulations in Europe?,crypto
What are the top news headlines in the crypto world today?,crypto
What are the top news sources for crypto updates?,crypto
What are the key differences between Bitcoin and Ethereum?,crypto
How is the cryptocurrency market reacting to the latest Federal Reserve announcement?,crypto
How is the market reacting to the latest crypto tax policies?,crypto
What is the latest news on crypto regulations in Europe?,crypto
What are the top crypto education resources?,crypto
What is the current price of Bitcoin?,crypto
What is the impact of the latest technological advancements on the crypto market?,crypto
What is the impact of the latest Bitcoin halving event?,crypto
What are the top crypto news websites?,crypto
What is the latest on the use of blockchain in supply chain management?,crypto
What are the top use cases for cryptocurrencies?,crypto
What is the impact of the latest advancements in quantum computing on crypto?,crypto
What are the key factors driving the current crypto market trends?,crypto
What is the latest on the use of blockchain in identity verification?,crypto
What are the top crypto wallets and their recent updates?,crypto
What are the top crypto influencers and their recent activities?,crypto
How is the market reacting to the latest crypto mergers and acquisitions?,crypto
How is the market reacting to the latest crypto ETF approvals?,crypto
What economic indicators should I watch for in cryptocurrency trading?,crypto
What is the latest news on crypto staking?,crypto
What is the latest news on Ethereum 2.0?,crypto
What is the forecast for Ethereum's price?,crypto
What is the latest news on Binance?,crypto
How are DeFi projects impacting the cryptocurrency market?,crypto
What is the impact of the latest changes in crypto market liquidity?,crypto
What are the top crypto podcasts?,crypto
How is the market reacting to the latest crypto market research reports?,crypto
What is the future outlook for Cardano?,crypto
What is the latest news on crypto mining equipment?,crypto
What are the top privacy coins and their recent developments?,crypto
How is the adoption of cryptocurrencies in retail impacting the market?,crypto
How is the adoption of cryptocurrencies in developing countries affecting the market?,crypto
How are changes in economic policies affecting the crypto market?,crypto
How is the new crypto law affecting the market?,crypto
What are the top traded cryptocurrencies currently?,crypto
What are the latest innovations in blockchain technology?,crypto
How is Ethereum performing today?,crypto
What are the top privacy coins and their recent developments?,crypto
What are the top use cases for cryptocurrencies?,crypto
What are the top crypto wallets and their recent updates?,crypto
How is the market reacting to the latest Bitcoin fork?,crypto
What are the top news sources for crypto updates?,crypto
How is the market reacting to the latest crypto fundraising rounds?,crypto
What is the current price of Bitcoin?,crypto
What factors are influencing the cryptocurrency market right now?,crypto
What is the latest on the use of crypto in cross-border payments?,crypto
How is the market reacting to the latest crypto tax policies?,crypto
How is the market reacting to the latest legal developments in the crypto space?,crypto
How are changes in government policies affecting the crypto market?,crypto
How are institutional investors influencing the crypto market?,crypto
How is the cryptocurrency market reacting to the latest financial crisis?,crypto
How is the adoption of blockchain technology affecting the market?,crypto
What is the latest news on Ethereum 2.0?,crypto
What are the top crypto trading platforms and their recent updates?,crypto
What is the latest development in the NFT space?,crypto
How is the market reacting to the latest crypto partnership announcements?,crypto
How is the cryptocurrency market reacting to the latest economic data?,crypto
What are the top crypto hardware wallets and their recent updates?,crypto
What is the impact of the latest security protocols on crypto exchanges?,crypto
How are DeFi projects impacting the cryptocurrency market?,crypto
How has Litecoin been trending this week?,crypto
What are the key challenges facing the crypto market?,crypto
How are institutional investors influencing the crypto market?,crypto
How is the market reacting to the latest celebrity endorsement of a cryptocurrency?,crypto
How is the market reacting to the latest crypto fundraising rounds?,crypto
What are the top crypto trading tools?,crypto
What is the latest news on crypto lending platforms?,crypto
What are the top crypto security measures?,crypto
How are institutional investors influencing the crypto market?,crypto
What is the impact of market manipulation on cryptocurrency prices?,crypto
How has Litecoin been trending this week?,crypto
What is the current sentiment in the crypto market?,crypto
What is the latest on the regulation of DeFi platforms?,crypto
What are the top traded cryptocurrencies currently?,crypto
What is the forecast for the next bull run in the cryptocurrency market?,crypto
What is the latest on the regulation of DeFi platforms?,crypto
What are the latest trends in crypto trading bots?,crypto
Can you analyze the recent movements in the cryptocurrency market?,crypto
What are the best strategies for trading cryptocurrencies in the current market?,crypto
What are the top crypto payment processors and their recent developments?,crypto
What is the latest on the use of blockchain in voting systems?,crypto
What are the top use cases for cryptocurrencies?,crypto
How is the market reacting to the latest crypto market manipulation reports?,crypto
What are the latest news affecting Bitcoin?,crypto
What is the latest news on crypto adoption in Africa?,crypto
How is the market reacting to the latest crypto exchange launches?,crypto
What is the latest development in the NFT space?,crypto
What are the top crypto hardware wallets and their recent updates?,crypto
How is the crypto market responding to the latest technological innovations?,crypto
What is the latest on the use of crypto in gaming?,crypto
What are the top crypto payment processors and their recent developments?,crypto
How is the market reacting to the latest crypto trading volumes?,crypto
How is the market reacting to the latest crypto infrastructure developments?,crypto
How does inflation impact cryptocurrency trading?,crypto
What are the top upcoming ICOs?,crypto
How are changes in market sentiment affecting cryptocurrency prices?,crypto
What is the latest on Bitcoin futures trading?,crypto
How is the adoption of cryptocurrencies in retail impacting the market?,crypto
How are changes in market sentiment affecting cryptocurrency prices?,crypto
What are the key differences between Bitcoin and Ethereum?,crypto
How is the market reacting to the latest corporate investments in crypto?,crypto
What is the future outlook for Cardano?,crypto
What are the top crypto investment funds and their recent performances?,crypto
How is the cryptocurrency market reacting to the latest financial crisis?,crypto
How is the market reacting to the latest crypto fraud cases?,crypto
What is the latest development in the NFT space?,crypto
What are the key factors driving the current crypto market trends?,crypto
How are changes in technology impacting the cryptocurrency market?,crypto
How is the cryptocurrency market reacting to the latest economic data?,crypto
What are the top crypto security measures?,crypto
How is the crypto market responding to the latest technological innovations?,crypto
Can you analyze the recent movements in the cryptocurrency market?,crypto
What is the latest development in the NFT space?,crypto
What are the top crypto community forums?,crypto
What are the predictions for the Bitcoin price?,crypto
What is the latest on the use of blockchain in healthcare?,crypto
How is the market reacting to the latest crypto mergers and acquisitions?,crypto
What are the top performing altcoins this month?,crypto
What's the impact of recent geopolitical events on the cryptocurrency market?,crypto
What are the best practices for cryptocurrency trading?,crypto
How is the market reacting to the latest announcement from the SEC?,crypto
What are the top performing altcoins this month?,crypto
How are new blockchain projects impacting the market?,crypto
What are the top crypto trading platforms and their recent updates?,crypto
What are the latest innovations in blockchain technology?,crypto
How is the market reacting to the latest stablecoin launch?,crypto
What are the latest updates on the cryptocurrency market?,crypto
What is the latest news on crypto adoption in Africa?,crypto
How is the market reacting to the latest crypto charity initiatives?,crypto
How is the market reacting to the latest crypto ETF approvals?,crypto
What is the current sentiment in the crypto market?,crypto
What are the best resources for staying updated on crypto news?,crypto
How is the market reacting to the latest crypto conference announcements?,crypto
What is the impact of the latest security protocols on crypto exchanges?,crypto
What are the implications of the latest tax regulations on crypto traders?,crypto
What are the key support and resistance levels for Bitcoin?,crypto
What is the latest on the use of blockchain in supply chain transparency?,crypto
What is the forecast for the next bull run in the cryptocurrency market?,crypto
How is the market reacting to the latest crypto conference announcements?,crypto
How is the adoption of cryptocurrencies in developing countries affecting the market?,crypto
What are the top news headlines in the crypto world today?,crypto
What is the latest update on the Bitcoin ETF approval?,crypto
What are the top crypto research reports and their findings?,crypto
What is the latest on the Ripple vs SEC case?,crypto
What is the latest on the use of blockchain in healthcare?,crypto
What is the latest on Bitcoin mining regulations?,crypto
What are the top crypto security measures?,crypto
What is the latest on the use of blockchain in healthcare?,crypto
What is the impact of the latest interest rate changes on the crypto market?,crypto
How is the market reacting to the latest stablecoin launch?,crypto
What are the top crypto trading platforms and their recent updates?,crypto
What's the impact of recent geopolitical events on the cryptocurrency market?,crypto
What are the key differences between Bitcoin and Ethereum?,crypto
What is the latest news on crypto staking?,crypto
What are the top crypto wallets and their recent updates?,crypto
What are the top news headlines in the crypto world today?,crypto
How is the market reacting to the latest crypto market manipulation reports?,crypto
How is the market reacting to the latest crypto market research reports?,crypto
What are the latest developments in cryptocurrency taxation?,crypto
How is the crypto market responding to the latest technological innovations?,crypto
What are the top crypto wallets and their recent updates?,crypto
What is the impact of energy consumption concerns on Bitcoin?,crypto
What factors are influencing the cryptocurrency market right now?,crypto
What is the impact of energy consumption concerns on Bitcoin?,crypto
What are the latest news affecting Bitcoin?,crypto
What is the latest on the adoption of crypto by major corporations?,crypto
What is the impact of the latest advancements in blockchain scalability?,crypto
What is the impact of the latest advancements in quantum computing on crypto?,crypto
What are the top decentralized exchanges and their recent updates?,crypto
How is the adoption of blockchain technology affecting the market?,crypto
What are the risks and rewards of investing in cryptocurrencies?,crypto
What is the impact of the latest regulatory crackdowns on the crypto market?,crypto
What are the top crypto influencers and their recent activities?,crypto
What is the latest on the regulation of DeFi platforms?,crypto
What are the top crypto market analysts saying?,crypto
What is the latest on the use of blockchain in identity verification?,crypto
What is the impact of the latest security protocols on crypto exchanges?,crypto
What is the impact of the latest technological disruptions on the crypto market?,crypto
What are the latest innovations in blockchain technology?,crypto
What are the top crypto influencers on social media?,crypto
How is the market reacting to the latest crypto market manipulation reports?,crypto
What are the key support and resistance levels for Bitcoin?,crypto
What's the impact of recent geopolitical events on the cryptocurrency market?,crypto
What are the top crypto news websites?,crypto
How is the market reacting to the latest crypto market manipulation reports?,crypto
What are the latest news affecting Bitcoin?,crypto
How is the market reacting to the latest crypto ban in a major country?,crypto
What are the risks and rewards of investing in cryptocurrencies?,crypto
What is the impact of the latest technological disruptions on the crypto market?,crypto
How are changes in economic policies affecting the crypto market?,crypto
What is the impact of the latest Bitcoin halving event?,crypto
What are the top traded cryptocurrencies currently?,crypto
What are the top crypto research reports and their findings?,crypto
What is the impact of the latest technological advancements on the crypto market?,crypto
How are changes in government policies affecting the crypto market?,crypto
What are the latest security concerns in the crypto market?,crypto
What are the top crypto wallets and their recent updates?,crypto
What is the latest news on Dogecoin?,crypto
How is the market reacting to the latest DeFi hacks?,crypto
What are the top crypto trading platforms and their recent updates?,crypto
Can you give an overview of the cryptocurrency market for today?,crypto
What are the top crypto news websites?,crypto
What are the top use cases for cryptocurrencies?,crypto
What are the latest innovations in blockchain technology?,crypto
What is the latest development in the NFT space?,crypto
How is the market reacting to the latest crypto fraud cases?,crypto
How does inflation impact cryptocurrency trading?,crypto
How is the market reacting to the latest Bitcoin ETF rejection?,crypto
What is the impact of energy consumption concerns on Bitcoin?,crypto
What are the latest developments in cryptocurrency taxation?,crypto
What is the latest on the use of crypto in cross-border payments?,crypto
What is the latest news on crypto lending platforms?,crypto
What is the impact of the latest regulatory changes on the crypto market?,crypto
How are changes in technology impacting the cryptocurrency market?,crypto
How is the cryptocurrency market performing compared to traditional markets?,crypto
What is the latest news on Dogecoin?,crypto
What is the latest on the use of blockchain in supply chain management?,crypto
What is the impact of the latest Bitcoin halving event?,crypto
Can you provide a forecast for Ripple's XRP?,crypto
What is the latest on Bitcoin futures trading?,crypto
How is the adoption of cryptocurrencies in developing countries affecting the market?,crypto
How is the market reacting to the latest crypto market manipulation reports?,crypto
What are the implications of China's new regulations on cryptocurrencies?,crypto
What is the latest news on crypto adoption in Asia?,crypto
How has Litecoin been trending this week?,crypto
How are changes in government policies affecting the crypto market?,crypto
How is the market reacting to the latest crypto partnership announcements?,crypto
What are the top crypto education resources?,crypto
What are the top crypto indices and their recent performances?,crypto
What is the latest news on crypto regulations in Europe?,crypto
What are the key factors driving the current crypto market trends?,crypto
How is the market reacting to the latest crypto regulatory hearings?,crypto
What is the current price of Bitcoin?,crypto
What is the latest news on crypto mining equipment?,crypto
What are the best resources for staying updated on crypto news?,crypto
How is the market reacting to the latest crypto tax policies?,crypto
What are the top crypto market analysts saying?,crypto
How is the new crypto law affecting the market?,crypto
What is the impact of the latest changes in crypto market liquidity?,crypto
How is the adoption of blockchain technology affecting the market?,crypto
How is the market reacting to the latest stablecoin launch?,crypto
What is the latest on the adoption of crypto by major corporations?,crypto
What is the latest on the regulation of DeFi platforms?,crypto
What are the implications of the latest cyber attacks on crypto exchanges?,crypto
What are the top crypto projects and their recent developments?,crypto
How is the market reacting to the latest crypto infrastructure developments?,crypto
What is the impact of the latest advancements in blockchain scalability?,crypto
What is the latest news on crypto mining equipment?,crypto
What are the top news sources for crypto updates?,crypto
What is the latest on the use of crypto in cross-border payments?,crypto
What is the latest news on the use of crypto in remittances?,crypto
What is the impact of the latest security protocols on crypto exchanges?,crypto
What is the current sentiment in the crypto market?,crypto
How is the market reacting to the latest crypto regulatory hearings?,crypto
What are the key differences between Bitcoin and Ethereum?,crypto
What is the forecast for the next bull run in the cryptocurrency market?,crypto
What is the latest news on Dogecoin?,crypto
How is the market reacting to the latest celebrity endorsement of a cryptocurrency?,crypto
What are the top crypto trading platforms and their recent updates?,crypto
What is the latest on the regulation of crypto derivatives?,crypto
What is the impact of the latest interest rate changes on the crypto market?,crypto
What is the latest news on the use of crypto in remittances?,crypto
How is the new crypto law affecting the market?,crypto
What are the top crypto market analysts saying?,crypto
What is the latest news on crypto mining equipment?,crypto
What are the top crypto market analysts saying?,crypto
What is the latest news on crypto staking?,crypto
What are the best strategies for trading cryptocurrencies in the current market?,crypto
What is the latest news on Dogecoin?,crypto
What are the top decentralized exchanges and their recent updates?,crypto
What is the latest on Bitcoin mining regulations?,crypto
What is the latest update on the Bitcoin ETF approval?,crypto
What is the latest news on Binance?,crypto
What are the key trends in the cryptocurrency market right now?,crypto
What is the impact of energy consumption concerns on Bitcoin?,crypto
What is the role of stablecoins in the current market?,crypto
How is the market reacting to the latest crypto exchange launches?,crypto
What are the key support and resistance levels for Bitcoin?,crypto
How is the market reacting to the latest corporate investments in crypto?,crypto
What are the latest updates on the cryptocurrency market?,crypto
What is the latest news on crypto lending platforms?,crypto
What are the top decentralized exchanges and their recent updates?,crypto
How are changes in international relations affecting the crypto market?,crypto
How is the market reacting to the latest legal developments in the crypto space?,crypto
What are the top crypto portfolio management tools?,crypto
How has Litecoin been trending this week?,crypto
How is the market reacting to the latest crypto charity initiatives?,crypto
How has Litecoin been trending this week?,crypto
What is the latest on the use of blockchain in healthcare?,crypto
What is the latest on the use of blockchain in supply chain transparency?,crypto
How are new blockchain projects impacting the market?,crypto
What is the impact of the latest security protocols on crypto exchanges?,crypto
How is the market reacting to the latest crypto phishing attacks?,crypto
What are the top crypto trading tools?,crypto
What are the top crypto market analysts saying?,crypto
What is the latest on the use of blockchain in voting systems?,crypto
What is the latest news on crypto lending platforms?,crypto
How is the market reacting to the latest Ethereum upgrade?,crypto
How is the market reacting to the latest DeFi hacks?,crypto
How are changes in technology impacting the cryptocurrency market?,crypto
What is the latest news on Ethereum 2.0?,crypto
What is the latest on the integration of crypto in the financial system?,crypto
What is the impact of market manipulation on cryptocurrency prices?,crypto
How is the market reacting to the latest crypto conference announcements?,crypto
What are the top performing altcoins this month?,crypto
How is the market reacting to the latest crypto tax policies?,crypto
What is the latest on the use of crypto in gaming?,crypto
What are the top crypto market analysts saying?,crypto
What is the latest on the use of blockchain in supply chain transparency?,crypto
What are the top crypto wallets and their recent updates?,crypto
What is the impact of the latest regulatory crackdowns on the crypto market?,crypto
How is the adoption of cryptocurrencies in developing countries affecting the market?,crypto
What are the key factors driving the current crypto market trends?,crypto
What is the latest news on crypto mining equipment?,crypto
What are the top crypto projects and their recent developments?,crypto
What are the key factors driving the current crypto market trends?,crypto
How is the market reacting to the latest crypto mergers and acquisitions?,crypto
What's the impact of recent geopolitical events on the cryptocurrency market?,crypto
What are the implications of the latest cyber attacks on crypto exchanges?,crypto
What are the latest news affecting Bitcoin?,crypto
What are the latest news affecting Bitcoin?,crypto
How is the market reacting to the latest crypto trading volumes?,crypto
How is the crypto market responding to the latest technological innovations?,crypto
What are the top crypto community forums?,crypto
What are the implications of the latest tax regulations on crypto traders?,crypto
What is the latest on the use of blockchain in healthcare?,crypto
How is the cryptocurrency market reacting to the latest financial crisis?,crypto
What is the impact of the latest interest rate changes on the crypto market?,crypto
How is the market reacting to the latest Ethereum upgrade?,crypto
How is the market reacting to the latest crypto ban in a major country?,crypto
How is the market reacting to the latest crypto conference announcements?,crypto
What is the latest on the use of blockchain in supply chain transparency?,crypto
What are the implications of China's new regulations on cryptocurrencies?,crypto
What is the impact of the latest security protocols on crypto exchanges?,crypto
What are the risks and rewards of investing in cryptocurrencies?,crypto
What are the key differences between Bitcoin and Ethereum?,crypto
How is the market reacting to the latest crypto infrastructure developments?,crypto
How is the cryptocurrency market performing compared to traditional markets?,crypto
How are institutional investors influencing the crypto market?,crypto
What are the predictions for the Bitcoin price?,crypto
What are the top crypto research reports and their findings?,crypto
What is the impact of the latest technological disruptions on the crypto market?,crypto
What are the top privacy coins and their recent developments?,crypto
How is the adoption of cryptocurrencies in developing countries affecting the market?,crypto
What are the top crypto portfolio management tools?,crypto
What is the latest news on Tether?,crypto
What are the latest security concerns in the crypto market?,crypto
How is the market reacting to the latest crypto tax policies?,crypto
What is the latest news on crypto staking?,crypto
How is the market reacting to the latest stablecoin launch?,crypto
What are the top crypto investment funds and their recent performances?,crypto
What is the latest news on crypto adoption in Asia?,crypto
What is the impact of the latest interest rate changes on the crypto market?,crypto
What is the impact of market manipulation on cryptocurrency prices?,crypto
What is the forecast for Ethereum's price?,crypto
What are the top decentralized exchanges and their recent updates?,crypto
How is the market reacting to the latest crypto advertising ban?,crypto
How are changes in international relations affecting the crypto market?,crypto
How is the cryptocurrency market performing compared to traditional markets?,crypto
What are the best resources for staying updated on crypto news?,crypto
How are new blockchain projects impacting the market?,crypto
How are changes in technology impacting the cryptocurrency market?,crypto
What are the top crypto influencers on social media?,crypto
How has Litecoin been trending this week?,crypto
What are the key challenges facing the crypto market?,crypto
How is the market reacting to the latest crypto regulatory hearings?,crypto
Can you provide a forecast for Ripple's XRP?,crypto
What are the latest trends in crypto trading bots?,crypto
What are the top crypto investment funds and their recent performances?,crypto
What are the top crypto trading strategies?,crypto
How is the market reacting to the latest crypto ban in a major country?,crypto
What are the top crypto projects and their recent developments?,crypto
What are the top crypto influencers and their recent activities?,crypto
What is the latest on the use of blockchain in healthcare?,crypto
How is the market reacting to the latest celebrity endorsement of a cryptocurrency?,crypto
Can you provide a forecast for Ripple's XRP?,crypto
How are changes in market sentiment affecting cryptocurrency prices?,crypto
How is the market reacting to the latest crypto market research reports?,crypto
What are the latest innovations in blockchain technology?,crypto
What are the top news sources for crypto updates?,crypto
What are the top performing altcoins this month?,crypto
How is the market reacting to the latest environmental concerns about crypto mining?,crypto
How is the market reacting to the latest crypto phishing attacks?,crypto
What are the top privacy coins and their recent developments?,crypto
How is the market reacting to the latest DeFi hacks?,crypto
What are the implications of China's new regulations on cryptocurrencies?,crypto
What are the latest trends in crypto trading bots?,crypto
How is the market reacting to the latest corporate investments in crypto?,crypto
How is the market reacting to the latest environmental concerns about crypto mining?,crypto
What are the top crypto influencers and their recent activities?,crypto
What is the latest on the use of blockchain in real estate?,crypto
How is the market reacting to the latest announcement from the SEC?,crypto
How is the market reacting to the latest Bitcoin ETF rejection?,crypto
How is the market reacting to the latest crypto ETF approvals?,crypto
How is the market reacting to the latest crypto trading volumes?,crypto
What is the latest news on crypto adoption in Africa?,crypto
How does inflation impact cryptocurrency trading?,crypto
How is the cryptocurrency market reacting to the latest Federal Reserve announcement?,crypto
What is the latest news on crypto staking?,crypto
How is the market reacting to the latest crypto market research reports?,crypto
What are the top decentralized exchanges and their recent updates?,crypto
How is the market reacting to the latest crypto regulatory hearings?,crypto
What are the top crypto payment processors and their recent developments?,crypto
What are the top news headlines in the crypto world today?,crypto
How is the adoption of cryptocurrencies in developing countries affecting the market?,crypto
What are the top crypto trading strategies?,crypto
What is the latest on the adoption of crypto by major corporations?,crypto
What is the latest news on crypto adoption in Asia?,crypto
What is the latest on the integration of crypto in the financial system?,crypto
What are the top crypto investment funds and their recent performances?,crypto
What is the impact of market manipulation on cryptocurrency prices?,crypto
What is the latest on the use of blockchain in supply chain management?,crypto
What are the top crypto trading strategies?,crypto
What is the latest on Bitcoin mining regulations?,crypto
How is the market reacting to the latest crypto exchange launches?,crypto
What is the latest news on Dogecoin?,crypto
How is the market reacting to the latest corporate investments in crypto?,crypto
What are the top crypto news websites?,crypto
What are the predictions for the Bitcoin price?,crypto
How is the market reacting to the latest crypto fraud cases?,crypto
How is the market reacting to the latest crypto partnership announcements?,crypto
What are the top crypto podcasts?,crypto
How is the market reacting to the latest crypto ban in a major country?,crypto
What is the latest on the use of blockchain in supply chain transparency?,crypto
How is the market reacting to the latest crypto venture capital investments?,crypto
What is the impact of the latest Bitcoin halving event?,crypto
What is the impact of the latest changes in crypto market liquidity?,crypto
How is the market reacting to the latest crypto phishing attacks?,crypto
What is the impact of the latest advancements in quantum computing on crypto?,crypto
What is the latest on the use of blockchain in identity verification?,crypto
How is the market reacting to the latest crypto charity initiatives?,crypto
What is the latest news on crypto regulations in Europe?,crypto
How is the market reacting to the latest crypto ETF approvals?,crypto
What is the latest news on crypto adoption in Africa?,crypto
How is the market reacting to the latest crypto charity initiatives?,crypto
What are the best practices for cryptocurrency trading?,crypto
How is the market reacting to the latest announcement from the SEC?,crypto
What are the top crypto trading tools?,crypto
How is the market reacting to the latest crypto fundraising rounds?,crypto
What is the latest on the use of blockchain in voting systems?,crypto
How is the market reacting to the latest Bitcoin fork?,crypto
What are the top crypto education resources?,crypto
What are the latest news affecting Bitcoin?,crypto
How are changes in government policies affecting the crypto market?,crypto
What are the top crypto research reports and their findings?,crypto
What are the key support and resistance levels for Bitcoin?,crypto
What are the top crypto payment processors and their recent developments?,crypto
What are the top crypto influencers on social media?,crypto
Can you provide a forecast for Ripple's XRP?,crypto
What is the impact of the latest changes in crypto market liquidity?,crypto
How is the market reacting to the latest environmental concerns about crypto mining?,crypto
What is the impact of the latest regulatory changes on the crypto market?,crypto
What are the top use cases for cryptocurrencies?,crypto
What is the impact of the latest regulatory crackdowns on the crypto market?,crypto
How are changes in government policies affecting the crypto market?,crypto
What are the top crypto investment funds and their recent performances?,crypto
How is the market reacting to the latest announcement from the SEC?,crypto
What is the latest on Bitcoin mining regulations?,crypto
What is the forecast for the next bull run in the cryptocurrency market?,crypto
What is the forecast for Ethereum's price?,crypto
What are the latest innovations in blockchain technology?,crypto
What's the impact of recent geopolitical events on the cryptocurrency market?,crypto
What is the impact of the latest regulatory changes on the crypto market?,crypto
What are the latest innovations in blockchain technology?,crypto
What are the best strategies for trading cryptocurrencies in the current market?,crypto
What economic indicators should I watch for in cryptocurrency trading?,crypto
What is the latest news on the use of crypto in remittances?,crypto
How is the market reacting to the latest legal developments in the crypto space?,crypto
What are the top traded cryptocurrencies currently?,crypto
How is the market reacting to the latest crypto exchange launches?,crypto
How is the market reacting to the latest crypto exchange launches?,crypto
What are the top upcoming ICOs?,crypto
What are the best resources for staying updated on crypto news?,crypto
What are the top crypto trading tools?,crypto
What are the implications of China's new regulations on cryptocurrencies?,crypto
How is the market reacting to the latest Bitcoin fork?,crypto
What are the top crypto podcasts?,crypto
What are the implications of China's new regulations on cryptocurrencies?,crypto
How is the market reacting to the latest crypto infrastructure developments?,crypto
What are the top crypto trading strategies?,crypto
How is the market reacting to the latest crypto fundraising rounds?,crypto
How is the market reacting to the latest celebrity endorsement of a cryptocurrency?,crypto
What is the forecast for Ethereum's price?,crypto
How are changes in economic policies affecting the crypto market?,crypto
What is the latest news on Binance?,crypto
What is the latest on the use of blockchain in identity verification?,crypto
What are the top crypto projects and their recent developments?,crypto
What are the implications of the latest cyber attacks on crypto exchanges?,crypto
What are the top crypto influencers on social media?,crypto
What are the top traded cryptocurrencies currently?,crypto
What is the latest on the use of blockchain in supply chain transparency?,crypto
What are the key challenges facing the crypto market?,crypto
What is the impact of the latest advancements in blockchain scalability?,crypto
What is the latest on the use of blockchain in real estate?,crypto
What is the latest on Bitcoin futures trading?,crypto
What are the top crypto investment funds and their recent performances?,crypto
How is the adoption of cryptocurrencies in developing countries affecting the market?,crypto
What is the latest on the use of blockchain in real estate?,crypto
How is the market reacting to the latest Ethereum upgrade?,crypto
What factors are influencing the cryptocurrency market right now?,crypto
What are the top crypto community forums?,crypto
What is the latest on the use of crypto in cross-border payments?,crypto
What are the top crypto projects and their recent developments?,crypto
How does inflation impact cryptocurrency trading?,crypto
What is the latest news on Tether?,crypto
What are the top crypto payment processors and their recent developments?,crypto
What is the latest on the use of crypto in gaming?,crypto
What are the top crypto portfolio management tools?,crypto
How is the market reacting to the latest Bitcoin fork?,crypto
How is the market reacting to the latest crypto phishing attacks?,crypto
What is the latest news on the use of crypto in remittances?,crypto
How is the market reacting to the latest crypto market research reports?,crypto
What factors are influencing the cryptocurrency market right now?,crypto
What is the latest on Bitcoin mining regulations?,crypto
What is the latest on Bitcoin futures trading?,crypto
How is the market reacting to the latest crypto fraud cases?,crypto
Can you give an overview of the cryptocurrency market for today?,crypto
How is the market reacting to the latest Bitcoin ETF rejection?,crypto
What is the latest development in the NFT space?,crypto
How is the market reacting to the latest crypto mergers and acquisitions?,crypto
What are the top crypto indices and their recent performances?,crypto
What is the impact of the latest regulatory crackdowns on the crypto market?,crypto
How is the market reacting to the latest Ethereum upgrade?,crypto
What is the latest on the regulation of DeFi platforms?,crypto
What is the latest on the use of crypto in gaming?,crypto
What are the top crypto influencers on social media?,crypto
What are the risks and rewards of investing in cryptocurrencies?,crypto
What is the latest on the adoption of crypto by major corporations?,crypto
What are the key trends in the cryptocurrency market right now?,crypto
What is the latest news on Ethereum 2.0?,crypto
What are the top crypto security measures?,crypto
How is the market reacting to the latest Bitcoin fork?,crypto
How is the market reacting to the latest crypto advertising ban?,crypto
How is the market reacting to the latest crypto phishing attacks?,crypto
How is the market reacting to the latest crypto phishing attacks?,crypto
What are the latest developments in cryptocurrency taxation?,crypto
What are the top news sources for crypto updates?,crypto
What is the latest on the integration of crypto in the financial system?,crypto
What is the latest on the use of crypto in cross-border payments?,crypto
How is the market reacting to the latest Bitcoin fork?,crypto
What are the top crypto trading tools?,crypto
How is the market reacting to the latest crypto mergers and acquisitions?,crypto
What are the top crypto podcasts?,crypto
What is the latest news on Binance?,crypto
What is the latest news on crypto adoption in Africa?,crypto
What are the top crypto influencers and their recent activities?,crypto
How is the cryptocurrency market reacting to the latest economic data?,crypto
What are the top privacy coins and their recent developments?,crypto
How are changes in market sentiment affecting cryptocurrency prices?,crypto
How are changes in economic policies affecting the crypto market?,crypto
What is the latest on the regulation of crypto derivatives?,crypto
What is the latest news on crypto regulations in Europe?,crypto
What are the top crypto hardware wallets and their recent updates?,crypto
How is the market reacting to the latest DeFi hacks?,crypto
What are the best resources for staying updated on crypto news?,crypto
What are the top crypto podcasts?,crypto
How is the market reacting to the latest Bitcoin fork?,crypto
What economic indicators should I watch for in cryptocurrency trading?,crypto
What are the top crypto research reports and their findings?,crypto
What is the impact of the latest technological disruptions on the crypto market?,crypto
How is the cryptocurrency market reacting to the latest economic data?,crypto
What is the impact of the latest technological advancements on the crypto market?,crypto
What is the latest on Bitcoin mining regulations?,crypto
How is the market reacting to the latest crypto trading volumes?,crypto
How are changes in economic policies affecting the crypto market?,crypto
How is the adoption of cryptocurrencies in retail impacting the market?,crypto
How is the market reacting to the latest crypto trading volumes?,crypto
How is the market reacting to the latest celebrity endorsement of a cryptocurrency?,crypto
What is the current sentiment in the crypto market?,crypto
How is the market reacting to the latest Bitcoin ETF rejection?,crypto
What is the current price of Bitcoin?,crypto
What is the latest news on Ethereum 2.0?,crypto
What is the impact of energy consumption concerns on Bitcoin?,crypto
What is the latest news on Tether?,crypto
How is the market reacting to the latest stablecoin launch?,crypto
What is the latest on the regulation of crypto derivatives?,crypto
How are changes in technology impacting the cryptocurrency market?,crypto
What are the top crypto portfolio management tools?,crypto
What is the current sentiment in the crypto market?,crypto
What is the impact of the latest Bitcoin halving event?,crypto
What is the latest news on Ethereum 2.0?,crypto
What is the latest update on the Bitcoin ETF approval?,crypto
What are the best practices for cryptocurrency trading?,crypto
What is the impact of the latest regulatory changes on the crypto market?,crypto
What is the latest news on Dogecoin?,crypto
What are the key challenges facing the crypto market?,crypto
How is the cryptocurrency market reacting to the latest financial crisis?,crypto
How is Ethereum performing today?,crypto
How is the market reacting to the latest crypto ETF approvals?,crypto
What is the latest update on the Bitcoin ETF approval?,crypto
What are the implications of the latest cyber attacks on crypto exchanges?,crypto
What is the impact of the latest advancements in quantum computing on crypto?,crypto
What is the latest news on crypto lending platforms?,crypto
What are the top upcoming ICOs?,crypto
What are the top crypto influencers on social media?,crypto
What is the future outlook for Cardano?,crypto
How is the market reacting to the latest crypto exchange launches?,crypto
What are the risks and rewards of investing in cryptocurrencies?,crypto
What is the impact of the latest changes in crypto market liquidity?,crypto
What is the future outlook for Cardano?,crypto
What is the impact of the latest technological advancements on the crypto market?,crypto
What are the risks and rewards of investing in cryptocurrencies?,crypto
What is the impact of the latest advancements in blockchain scalability?,crypto
What is the latest on the regulation of DeFi platforms?,crypto
How is the market reacting to the latest corporate investments in crypto?,crypto
How is the market reacting to the latest announcement from the SEC?,crypto
What is the latest on the use of blockchain in healthcare?,crypto
Can you give an overview of the cryptocurrency market for today?,crypto
What is the impact of energy consumption concerns on Bitcoin?,crypto
How are DeFi projects impacting the cryptocurrency market?,crypto
What is the impact of the latest changes in crypto market liquidity?,crypto
How is Ethereum performing today?,crypto
What is the impact of market manipulation on cryptocurrency prices?,crypto
What is the latest on the use of crypto in gaming?,crypto
What are the latest security concerns in the crypto market?,crypto
What is the latest on the Ripple vs SEC case?,crypto
What is the latest on the use of crypto in cross-border payments?,crypto
How is the market reacting to the latest crypto market research reports?,crypto
What is the impact of the latest advancements in blockchain scalability?,crypto
What is the forecast for the next bull run in the cryptocurrency market?,crypto
What are the top crypto research reports and their findings?,crypto
What are the latest security concerns in the crypto market?,crypto
How is the market reacting to the latest crypto infrastructure developments?,crypto
What is the latest on the use of blockchain in supply chain management?,crypto
